{"fx": 614.1875610351562, "fy": 614.3870849609375, "ppx": 328.0839538574219, "ppy": 233.34788513183594, "height": 480, "width": 640, "depth_scale": 0.0010000000474974513}